PO Code,UserName,Date,Document Link
ECMIN24-25-25968,ggn04inward@gmail.com,2024-12-21 17:08:32,https://docs.unicommerce.com/files/10ae8c146d6a42a8a4b0bead7ff58425
RR/PO/01381/24-25,ggn04inward@gmail.com,2024-12-18 17:46:43,https://docs.unicommerce.com/files/e96aef78ad334c45a0cedeec5784c36b
RR/PO/05263/24-25,ggn04inward@gmail.com,2024-12-18 15:56:40,https://docs.unicommerce.com/files/fd4e57275c664a68b996da6cbd38b306
RR/PO/07148/24-25,ggn04inward@gmail.com,2024-12-18 17:28:35,https://docs.unicommerce.com/files/1794fc942ba04dec8e5d9ecdc8e2b041
RR/PO/07261/24-25,ggn04inward@gmail.com,2024-12-18 15:50:51,https://docs.unicommerce.com/files/022cc92c13034b608617ee2a5a25fe10
RR/PO/07263/24-25,ggn04inward@gmail.com,2024-12-18 18:02:40,https://docs.unicommerce.com/files/f63db2f81bfb49439cee4b375a427b61
RR/PO/07987/24-25,ggn04inward@gmail.com,2024-12-23 11:16:51,https://docs.unicommerce.com/files/fc3c0cd7bfa24b92b7c760384273cde6
RR/PO/08372/24-25,ggn04inward@gmail.com,2024-12-20 12:20:06,https://docs.unicommerce.com/files/6fa8e088db2a4291ae1c209699f0c05e
RR/PO/08641/24-25,ggn04inward@gmail.com,2024-12-18 15:19:13,https://docs.unicommerce.com/files/e8fc50c3e8374a12a0aae596d3a0e85c
RR/PO/08641/24-25,ggn04inward@gmail.com,2024-12-20 16:49:37,https://docs.unicommerce.com/files/d0b30490982845bd8238b57c9b113de1
RR/PO/08659/24-25,ggn04inward@gmail.com,2024-12-23 17:37:25,https://docs.unicommerce.com/files/f414e02ff7254020a30ec09372415388
RR/PO/08664/24-25,ggn04inward@gmail.com,2024-12-22 16:02:13,https://docs.unicommerce.com/files/0662da89a4e941a0bf531c11d51f88b6
RR/PO/08664/24-25,ggn04inward@gmail.com,2024-12-23 16:40:11,https://docs.unicommerce.com/files/ddd17b23274f439986575319d4916992
RR/PO/08665/24-25,ggn04inward@gmail.com,2024-12-22 15:59:49,https://docs.unicommerce.com/files/f96f35f697924dbabbb148e64a689779
RR/PO/08666/24-25,ggn04inward@gmail.com,2024-12-22 15:55:12,https://docs.unicommerce.com/files/511de44c8fe2453f92c16267e81af62e
RR/PO/08667/24-25,ggn04inward@gmail.com,2024-12-22 15:58:05,https://docs.unicommerce.com/files/36fc2ac8ef284c0e90b53e739ac7a463
RR/PO/08847/24-25,ggn04inward@gmail.com,2024-12-18 17:48:25,https://docs.unicommerce.com/files/d4d0ca356bbc41988b6acabe4f7cb659
RR/PO/08937/24-25,ggn04inward@gmail.com,2024-12-22 16:35:43,https://docs.unicommerce.com/files/4c512cc6fa4445cd94403698ccc37541
RR/PO/08938/24-25,ggn04inward@gmail.com,2024-12-21 17:21:39,https://docs.unicommerce.com/files/471edaa9d292419d955d79b5b6f25197
RR/PO/08939/24-25,ggn04inward@gmail.com,2024-12-22 16:31:25,https://docs.unicommerce.com/files/17a68a1d532940efa435c464e92c31c3
RR/PO/08940/24-25,ggn04inward@gmail.com,2024-12-22 16:37:58,https://docs.unicommerce.com/files/cc2ae011fc7e4e529399e69aa4119a22
RR/PO/09069/24-25,ggn04inward@gmail.com,2024-12-18 16:56:52,https://docs.unicommerce.com/files/67707da70c5a421aa81b5a194ca715b9
RR/PO/09087/24-25,ggn04inward@gmail.com,2024-12-18 16:36:08,https://docs.unicommerce.com/files/01a2d14cb0744d1992f030ea3399406c
RR/PO/09087/24-25,ggn04inward@gmail.com,2024-12-20 12:16:26,https://docs.unicommerce.com/files/1271cef659964833a4e26e4bffc294ea
RR/PO/09230/24-25,ggn04inward@gmail.com,2024-12-18 11:22:22,https://docs.unicommerce.com/files/63b009072e2c49c1983c75291e88d138
RR/PO/09295/24-25,ggn04inward@gmail.com,2024-12-20 12:42:32,https://docs.unicommerce.com/files/939b54488872423191370ae3ba8fefbd
RR/PO/09410/24-25,ggn04inward@gmail.com,2024-12-23 14:02:09,https://docs.unicommerce.com/files/1adef15be0b54a2bace40a2823c13c4e
RR/PO/09469/24-25,ggn04inward@gmail.com,2024-12-18 17:20:04,https://docs.unicommerce.com/files/733ae038214742e68381e5afbf14f9cb
RR/PO/09473/24-25,shekar@thehouseofrare.com,2024-12-20 13:58:02,https://docs.unicommerce.com/files/c2841cab87854f5fa95d8dcdb4ac5249
RR/PO/09484/24-25,ggn04inward@gmail.com,2024-12-23 14:13:40,https://docs.unicommerce.com/files/2e158935b7eb40f6a5c239a4219baeae
RR/PO/09484/24-25,ggn04inward@gmail.com,2024-12-23 14:52:15,https://docs.unicommerce.com/files/f4dba4064d884331a3367cda72f47b14
RR/PO/09485/24-25,ggn04inward@gmail.com,2024-12-23 14:08:13,https://docs.unicommerce.com/files/e6f75e1db1764737bf440dad5b77d4c2
RR/PO/09485/24-25,ggn04inward@gmail.com,2024-12-23 15:08:43,https://docs.unicommerce.com/files/67411743d39b4f4e88ae84f8aadf1cb6
RR/PO/09486/24-25,ggn04inward@gmail.com,2024-12-23 12:13:45,https://docs.unicommerce.com/files/c589e5e39aa24b4cbd3d3c3290a1f16d
RR/PO/09492/24-25,ggn04inward@gmail.com,2024-12-23 11:13:07,https://docs.unicommerce.com/files/951d78d7978a45a9855bc10281a4be3d
RR/PO/09493/24-25,ggn04inward@gmail.com,2024-12-23 11:09:08,https://docs.unicommerce.com/files/32b85be9892e4447a991a45f8230f6a5
RR/PO/09505/24-25,ggn04inward@gmail.com,2024-12-20 12:23:55,https://docs.unicommerce.com/files/06e19034f2ea4247a75cb417bd6736a8
RR/PO/09510/24-25,ggn04inward@gmail.com,2024-12-18 12:58:41,https://docs.unicommerce.com/files/d02497db20234b999294e978cee9b4ee
RR/PO/09520/24-25,ggn04inward@gmail.com,2024-12-23 16:14:34,https://docs.unicommerce.com/files/d041e0805840493a8fad09a5acee0701
RR/PO/09523/24-25,ggn04inward@gmail.com,2024-12-23 17:47:11,https://docs.unicommerce.com/files/95f1815e4c69448896885aef42a3689b
RR/PO/09524/24-25,ggn04inward@gmail.com,2024-12-18 17:13:42,https://docs.unicommerce.com/files/ae6b499836a84320ad487d5bc5b67dc4
RR/PO/09524/24-25,ggn04inward@gmail.com,2024-12-23 16:19:21,https://docs.unicommerce.com/files/de8945f2d53d4bb38db9d8d48f167899
RR/PO/09527/24-25,ggn04inward@gmail.com,2024-12-18 11:29:55,https://docs.unicommerce.com/files/7bf763078767493c8cb990b6898862ac
RR/PO/09531/24-25,ggn04inward@gmail.com,2024-12-23 17:29:46,https://docs.unicommerce.com/files/b3c90d11c4be4b8d9df97d54592868a4
RR/PO/09531/24-25,ggn04inward@gmail.com,2024-12-23 17:32:24,https://docs.unicommerce.com/files/272ff4916d374a04a1c483888b9eb703
RR/PO/09535/24-25,ggn04inward@gmail.com,2024-12-20 17:06:22,https://docs.unicommerce.com/files/83ba806f3b7746c8bbcf72222944edd1
RR/PO/09536/24-25,ggn04inward@gmail.com,2024-12-20 11:57:21,https://docs.unicommerce.com/files/340727c1eab04270b0b3448d69c52155
RR/PO/09537/24-25,ggn04inward@gmail.com,2024-12-20 11:29:08,https://docs.unicommerce.com/files/1166a2fe94564bd8a27a2780be323007
RR/PO/09538/24-25,ggn04inward@gmail.com,2024-12-20 12:06:18,https://docs.unicommerce.com/files/722ce477ce8c4120b6891275109f89e8
RR/PO/09539/24-25,ggn04inward@gmail.com,2024-12-20 10:45:32,https://docs.unicommerce.com/files/375f069c28ec4be4a9a571c889b1b368
RR/PO/09543/24-25,ggn04inward@gmail.com,2024-12-20 17:16:43,https://docs.unicommerce.com/files/8ea0e2b391b2491e8cb1a01924fa3554
RR/PO/09543/24-25,ggn04inward@gmail.com,2024-12-20 17:16:52,https://docs.unicommerce.com/files/1ade57bdc48645ae802f8243247d9fc6
RR/PO/09572/24-25,ggn04inward@gmail.com,2024-12-18 13:45:42,https://docs.unicommerce.com/files/d6dc7b6f01494c6b8bfa368fd735d099
RR/PO/09573/24-25,ggn04inward@gmail.com,2024-12-18 13:41:35,https://docs.unicommerce.com/files/d48c327a079840c4995eb42f60de4eba
RR/PO/09574/24-25,ggn04inward@gmail.com,2024-12-18 13:00:53,https://docs.unicommerce.com/files/d779a4b8757d4f539f43156f408bf4a2
RR/PO/09575/24-25,ggn04inward@gmail.com,2024-12-18 13:48:16,https://docs.unicommerce.com/files/80679dd9ff17405cb6f060299525611f
RR/PO/09582/24-25,ggn04inward@gmail.com,2024-12-21 14:48:23,https://docs.unicommerce.com/files/56071a324a3447d987da32a7880f5ac9
RR/PO/09582/24-25,ggn04inward@gmail.com,2024-12-23 17:20:46,https://docs.unicommerce.com/files/7f605688e78b41d0a0772d244ba7db05
RR/PO/09583/24-25,ggn04inward@gmail.com,2024-12-21 16:31:21,https://docs.unicommerce.com/files/9fbbd4dd44ad4b5d90bac8a3e43f299b
RR/PO/09583/24-25,ggn04inward@gmail.com,2024-12-23 18:11:07,https://docs.unicommerce.com/files/31328c18eaf74717ae360d79c761f1ea
RR/PO/09599/24-25,ggn04inward@gmail.com,2024-12-18 16:05:45,https://docs.unicommerce.com/files/239b3261ade94bf7848af2060922d1a7
RR/PO/09603/24-25,ggn04inward@gmail.com,2024-12-21 10:06:10,https://docs.unicommerce.com/files/58a4be5de32c4e7f8e0054e5e1899569
RR/PO/09648/24-25,ggn04inward@gmail.com,2024-12-21 14:36:48,https://docs.unicommerce.com/files/5c8b4fc49aa045dba1b22b90392b78a8
RR/PO/09649/24-25,ggn04inward@gmail.com,2024-12-18 11:35:11,https://docs.unicommerce.com/files/bcb9850add3a40fe83d5ae8de04755e9
RR/PO/09655/24-25,ggn04inward@gmail.com,2024-12-22 17:10:34,https://docs.unicommerce.com/files/753feb57a5304099a0c5f58ab080b8c9
RR/PO/09657/24-25,ggn04inward@gmail.com,2024-12-23 17:53:32,https://docs.unicommerce.com/files/391cf50986a94bc1ba891aa6bc7f32c3
RR/PO/09690/24-25,ggn04inward@gmail.com,2024-12-22 15:45:55,https://docs.unicommerce.com/files/b97b9f0a16104c30b47d56195ae3b9c8
RR/PO/09711/24-25,ggn04inward@gmail.com,2024-12-21 14:59:09,https://docs.unicommerce.com/files/b0335a83d8314f78ac9c14d96449d70b
RR/PO/09712/24-25,ggn04inward@gmail.com,2024-12-21 15:07:39,https://docs.unicommerce.com/files/30beb14ce2b04b36bcbc35f19929df0f
RR/PO/09712/24-25,ggn04inward@gmail.com,2024-12-23 17:22:44,https://docs.unicommerce.com/files/8809712745e348ba9f598499de60efd6
RR/PO/09795/24-25,ggn04inward@gmail.com,2024-12-18 15:31:12,https://docs.unicommerce.com/files/d508e5d4ecfe41479a5a9a643859c7d3
RR/PO/09808/24-25,ggn04inward@gmail.com,2024-12-18 14:13:35,https://docs.unicommerce.com/files/2530174bb2e24639a4695fc6ecccdd6c
RR/PO/09809/24-25,ggn04inward@gmail.com,2024-12-18 13:50:50,https://docs.unicommerce.com/files/75093d46fbad4f4e8d8f152133f8c671
RR/PO/09810/24-25,ggn04inward@gmail.com,2024-12-18 12:55:38,https://docs.unicommerce.com/files/3a31f205b527476ca1885d2c64ded0c6
RR/PO/09893/24-25,ggn04inward@gmail.com,2024-12-22 17:17:02,https://docs.unicommerce.com/files/5010ec41cd8f42c9a0c227ee39ad3afa
RR/PO/09908/24-25,ggn04inward@gmail.com,2024-12-20 16:55:07,https://docs.unicommerce.com/files/795486499fe64c39b2d81bb0230c12ca
RR/PO/10026/24-25,ggn04inward@gmail.com,2024-12-18 14:10:53,https://docs.unicommerce.com/files/e94f3911231f4120958e8a6eb4fa7e7f
RR/PO/10115/24-25,ggn04inward@gmail.com,2024-12-21 14:45:16,https://docs.unicommerce.com/files/2c6c432eefca42918cb9557a140be834
RR/PO/10115/24-25,ggn04inward@gmail.com,2024-12-23 16:34:05,https://docs.unicommerce.com/files/514f114a1d8e43a3a10a5e1710dc7bc4
RR/PO/10562/24-25,ggn04inward@gmail.com,2024-12-21 17:05:18,https://docs.unicommerce.com/files/a9badfaaf8794e02b84982850baf2e03
RTJIN24-25-01403,ggn04inward@gmail.com,2024-12-18 12:23:21,https://docs.unicommerce.com/files/474b579fd10e4ff9983afb778109b2f8
RTJIN24-25-01404,ggn04inward@gmail.com,2024-12-18 12:31:34,https://docs.unicommerce.com/files/2287e687a4e24b8e974b881a3e02d7c7
RTJIN24-25-01414,ggn04inward@gmail.com,2024-12-18 12:39:23,https://docs.unicommerce.com/files/15144036e2b34ade9d3b2afc5d3af823
RTJIN24-25-01416,ggn04inward@gmail.com,2024-12-18 12:36:54,https://docs.unicommerce.com/files/2194b0caa3c24e8e8ec1428ea58c49f8
RTJIN24-25-01417,ggn04inward@gmail.com,2024-12-18 12:26:26,https://docs.unicommerce.com/files/53c40e18d4f3495396146c5c7eca1bd6
RTJIN24-25-01418,ggn04inward@gmail.com,2024-12-18 12:33:44,https://docs.unicommerce.com/files/e6c708537f99412ba45baace09b09c12
RTJIN24-25-01419,ggn04inward@gmail.com,2024-12-18 12:29:22,https://docs.unicommerce.com/files/d004e338eec44bb1ad93c11c88003078
RTJIN24-25-01424,ggn04inward@gmail.com,2024-12-20 10:32:08,https://docs.unicommerce.com/files/ebd6236efdd948be897073bb59d89af5
RTJIN24-25-01452,ggn04inward@gmail.com,2024-12-18 16:40:15,https://docs.unicommerce.com/files/1484fa13dcc846c694cb068fa089bc3f
RTJIN24-25-01452,ggn04inward@gmail.com,2024-12-18 16:49:08,https://docs.unicommerce.com/files/ab9248d3c8394de09d30d74b44396034
RTJIN24-25-01453,ggn04inward@gmail.com,2024-12-18 13:57:35,https://docs.unicommerce.com/files/ac57cf2ce8324cc0a43969db863b2a25
RTJIN24-25-01454,ggn04inward@gmail.com,2024-12-18 14:05:34,https://docs.unicommerce.com/files/17b01ff2372e44e5966df70b6bcd1082
RTJIN24-25-01460,ggn04inward@gmail.com,2024-12-18 14:08:33,https://docs.unicommerce.com/files/3bf776f6399c4e41866ec97880f6045b
RTJIN24-25-01461,ggn04inward@gmail.com,2024-12-18 17:24:17,https://docs.unicommerce.com/files/38b3c2a3de31468ea4f1f8778c814669
RTJIN24-25-01475,ggn04inward@gmail.com,2024-12-23 17:33:58,https://docs.unicommerce.com/files/8f7ffaa91b8e4c6e822c9f28508d7ff6
RTJIN24-25-01477,ggn04inward@gmail.com,2024-12-23 16:10:25,https://docs.unicommerce.com/files/fa2bb85ed2eb40fe84400b3c27a0df82
RTJIN24-25-01480,ggn04inward@gmail.com,2024-12-23 17:49:26,https://docs.unicommerce.com/files/16c467d09c4c492384315129952064c7
RTPIN24-25-00112,ggn04inward@gmail.com,2024-12-21 10:22:53,https://docs.unicommerce.com/files/9cca51f2b3954414b2be7edd623387f1
RTPIN24-25-00113,ggn04inward@gmail.com,2024-12-21 19:10:55,https://docs.unicommerce.com/files/8175f203be944fecbd5ed4a7d3a40f33
